date;valeur
02/01/2014;230.89
03/01/2014;230.29
06/01/2014;230.64
07/01/2014;232.38
08/01/2014;231.8
09/01/2014;230.98
10/01/2014;232.16
14/01/2014;231.34
15/01/2014;234.18
16/01/2014;236.19
17/01/2014;237.86
20/01/2014;241.99
21/01/2014;241.94
22/01/2014;242.53
23/01/2014;242.17
24/01/2014;244.42
27/01/2014;245.29
28/01/2014;247.01
29/01/2014;248.12
30/01/2014;248.56
31/01/2014;246.65
03/02/2014;245.56
04/02/2014;244.85
05/02/2014;246.42
06/02/2014;247.01
07/02/2014;246.29
10/02/2014;244.94
11/02/2014;246.69
12/02/2014;246.34
13/02/2014;244.96
14/02/2014;244.58
17/02/2014;244.59
18/02/2014;243.72
19/02/2014;244.82
20/02/2014;244.78
21/02/2014;243.4
24/02/2014;242.66
25/02/2014;239.04
26/02/2014;235.84
27/02/2014;238.13
28/02/2014;240.51
03/03/2014;243.29
04/03/2014;243.83
05/03/2014;242.78
06/03/2014;244.19
07/03/2014;246.37
10/03/2014;245.08
11/03/2014;244.71
12/03/2014;243.97
13/03/2014;238.13
14/03/2014;242.52
17/03/2014;242.21
18/03/2014;240.59
19/03/2014;240.13
20/03/2014;240.81
21/03/2014;239.76
24/03/2014;238.34
25/03/2014;240.21
26/03/2014;239.95
27/03/2014;239.71
28/03/2014;240.61
31/03/2014;240.39
01/04/2014;241.65
02/04/2014;241.94
03/04/2014;244.41
04/04/2014;245.12
07/04/2014;244.72
08/04/2014;242.55
09/04/2014;241.11
10/04/2014;240.74
11/04/2014;240.53
14/04/2014;240.53
15/04/2014;238.81
16/04/2014;238.72
17/04/2014;238.42
18/04/2014;238.93
22/04/2014;239.69
23/04/2014;239.85
24/04/2014;239.42
25/04/2014;241.07
28/04/2014;239.65
29/04/2014;238.57
30/04/2014;238.01
02/05/2014;229.85
05/05/2014;224.15
06/05/2014;219.81
07/05/2014;220.61
08/05/2014;225.85
09/05/2014;227.1
12/05/2014;228.82
13/05/2014;230.72
14/05/2014;228.68
15/05/2014;229.07
16/05/2014;229.74
19/05/2014;229.44
20/05/2014;230.85
21/05/2014;229.79
22/05/2014;230.7
23/05/2014;232.31
26/05/2014;232.31
27/05/2014;230.82
28/05/2014;230.17
30/05/2014;230.61
02/06/2014;231.17
03/06/2014;230.64
04/06/2014;230.47
05/06/2014;231.89
06/06/2014;232.13
10/06/2014;232.3
11/06/2014;232.1
12/06/2014;232.7
13/06/2014;231.83
16/06/2014;233.58
17/06/2014;234.0
18/06/2014;233.88
19/06/2014;234.12
20/06/2014;234.59
23/06/2014;234.06
24/06/2014;234.07
25/06/2014;235.06
26/06/2014;233.66
27/06/2014;235.38
30/06/2014;238.6
01/07/2014;237.43
02/07/2014;235.98
03/07/2014;234.79
04/07/2014;235.71
07/07/2014;235.69
08/07/2014;235.75
09/07/2014;234.78
10/07/2014;235.99
11/07/2014;236.38
14/07/2014;237.42
15/07/2014;237.58
16/07/2014;237.34
17/07/2014;238.2
18/07/2014;237.13
21/07/2014;237.7
22/07/2014;237.86
23/07/2014;238.41
25/07/2014;237.26
29/07/2014;236.33
30/07/2014;237.88
31/07/2014;238.43
01/08/2014;238.3
04/08/2014;238.92
05/08/2014;240.29
06/08/2014;241.09
07/08/2014;241.09
08/08/2014;241.84
11/08/2014;245.31
12/08/2014;245.95
13/08/2014;245.07
14/08/2014;244.22
18/08/2014;243.32
19/08/2014;243.92
20/08/2014;244.33
21/08/2014;245.71
22/08/2014;247.21
25/08/2014;247.1
26/08/2014;248.25
27/08/2014;247.14
28/08/2014;247.41
29/08/2014;246.52
01/09/2014;246.93
02/09/2014;247.22
03/09/2014;246.89
04/09/2014;247.68
05/09/2014;248.66
08/09/2014;249.35
09/09/2014;249.41
10/09/2014;248.56
11/09/2014;249.09
12/09/2014;248.53
15/09/2014;251.35
16/09/2014;254.77
17/09/2014;256.3
18/09/2014;254.6
19/09/2014;257.68
22/09/2014;258.54
23/09/2014;258.44
24/09/2014;258.26
25/09/2014;257.34
26/09/2014;257.05
29/09/2014;255.49
30/09/2014;255.32
01/10/2014;256.88
02/10/2014;255.12
03/10/2014;255.51
06/10/2014;258.02
07/10/2014;257.38
08/10/2014;255.28
09/10/2014;254.56
10/10/2014;255.01
13/10/2014;253.1
14/10/2014;254.72
15/10/2014;251.09
16/10/2014;250.52
17/10/2014;247.41
20/10/2014;244.63
21/10/2014;242.89
22/10/2014;242.34
23/10/2014;240.72
24/10/2014;241.43
27/10/2014;241.77
28/10/2014;239.78
29/10/2014;240.29
30/10/2014;239.09
31/10/2014;238.4
03/11/2014;237.81
04/11/2014;236.65
05/11/2014;235.71
06/11/2014;235.83
07/11/2014;234.41
10/11/2014;235.34
11/11/2014;234.07
12/11/2014;236.53
13/11/2014;230.17
14/11/2014;238.13
17/11/2014;239.2
18/11/2014;237.29
19/11/2014;239.13
20/11/2014;239.69
21/11/2014;240.38
24/11/2014;240.7
25/11/2014;244.64
26/11/2014;244.13
27/11/2014;244.07
28/11/2014;243.96
01/12/2014;243.75
02/12/2014;244.57
03/12/2014;244.63
04/12/2014;244.51
05/12/2014;243.96
08/12/2014;244.5
09/12/2014;245.39
10/12/2014;245.28
11/12/2014;245.83
12/12/2014;246.61
15/12/2014;246.54
16/12/2014;244.9
17/12/2014;246.18
18/12/2014;247.13
19/12/2014;248.51
22/12/2014;246.84
23/12/2014;247.93
24/12/2014;250.47
25/12/2014;250.47
26/12/2014;252.14
29/12/2014;251.66
30/12/2014;256.92
31/12/2014;258.08
02/01/2015;256.5
05/01/2015;256.3
06/01/2015;254.38
07/01/2015;253.46
08/01/2015;252.4
09/01/2015;253.4
12/01/2015;252.14
13/01/2015;249.37
14/01/2015;249.19
15/01/2015;248.29
16/01/2015;248.73
19/01/2015;249.12
20/01/2015;249.14
21/01/2015;248.53
22/01/2015;249.73
23/01/2015;249.86
26/01/2015;250.56
27/01/2015;250.12
28/01/2015;256.26
29/01/2015;251.13
30/01/2015;252.99
02/02/2015;251.75
03/02/2015;251.84
04/02/2015;258.03
05/02/2015;253.39
06/02/2015;254.33
09/02/2015;254.33
10/02/2015;254.1
11/02/2015;255.26
12/02/2015;255.54
13/02/2015;255.68
16/02/2015;255.19
17/02/2015;254.99
18/02/2015;254.85
19/02/2015;256.32
20/02/2015;257.8
23/02/2015;257.26
24/02/2015;257.07
25/02/2015;260.44
26/02/2015;260.37
27/02/2015;260.71
02/03/2015;261.31
03/03/2015;262.7
04/03/2015;261.35
05/03/2015;260.74
06/03/2015;261.78
09/03/2015;262.72
10/03/2015;264.33
11/03/2015;263.6
12/03/2015;263.64
13/03/2015;264.47
16/03/2015;264.86
17/03/2015;264.21
18/03/2015;264.32
19/03/2015;263.34
20/03/2015;264.41
23/03/2015;264.46
24/03/2015;263.91
25/03/2015;265.32
26/03/2015;266.05
27/03/2015;266.11
30/03/2015;265.47
31/03/2015;262.56
01/04/2015;258.83
02/04/2015;262.32
03/04/2015;262.64
06/04/2015;262.64
07/04/2015;262.04
08/04/2015;259.98
09/04/2015;258.38
10/04/2015;257.18
13/04/2015;258.63
14/04/2015;258.79
15/04/2015;261.83
16/04/2015;263.17
17/04/2015;264.34
20/04/2015;264.69
21/04/2015;264.02
22/04/2015;264.52
23/04/2015;266.04
24/04/2015;267.38
27/04/2015;267.25
28/04/2015;266.77
29/04/2015;266.03
30/04/2015;264.7
04/05/2015;261.72
05/05/2015;262.08
06/05/2015;264.85
07/05/2015;260.04
08/05/2015;261.08
11/05/2015;262.17
12/05/2015;262.47
13/05/2015;263.03
14/05/2015;263.03
15/05/2015;262.57
18/05/2015;263.58
19/05/2015;262.37
20/05/2015;264.21
21/05/2015;263.67
22/05/2015;265.91
25/05/2015;265.91
26/05/2015;266.38
27/05/2015;268.32
28/05/2015;267.14
29/05/2015;268.0
01/06/2015;267.48
02/06/2015;269.66
03/06/2015;270.31
04/06/2015;271.13
05/06/2015;273.47
08/06/2015;270.46
09/06/2015;274.81
10/06/2015;273.65
11/06/2015;275.02
12/06/2015;273.95
15/06/2015;274.62
16/06/2015;272.77
17/06/2015;275.29
18/06/2015;274.05
19/06/2015;272.62
22/06/2015;274.12
23/06/2015;273.55
24/06/2015;274.32
25/06/2015;274.79
26/06/2015;274.53
29/06/2015;277.32
30/06/2015;278.44
01/07/2015;278.26
02/07/2015;278.59
03/07/2015;277.66
06/07/2015;278.23
07/07/2015;280.75
08/07/2015;281.51
09/07/2015;285.11
10/07/2015;283.81
13/07/2015;285.57
14/07/2015;285.57
15/07/2015;287.88
16/07/2015;290.7
17/07/2015;290.7
20/07/2015;290.3
21/07/2015;291.29
22/07/2015;290.55
23/07/2015;292.58
24/07/2015;298.14
27/07/2015;303.83
28/07/2015;301.22
29/07/2015;299.58
30/07/2015;300.46
31/07/2015;301.22
03/08/2015;300.05
04/08/2015;300.99
05/08/2015;303.09
06/08/2015;299.3
07/08/2015;299.3
10/08/2015;302.49
11/08/2015;302.9
12/08/2015;300.87
13/08/2015;302.32
14/08/2015;302.97
17/08/2015;301.9
18/08/2015;300.13
19/08/2015;300.69
20/08/2015;299.99
21/08/2015;296.33
24/08/2015;294.94
25/08/2015;294.8
26/08/2015;293.8
27/08/2015;295.57
28/08/2015;296.98
31/08/2015;296.33
01/09/2015;295.56
02/09/2015;295.2
03/09/2015;292.79
04/09/2015;293.17
07/09/2015;294.72
08/09/2015;295.12
09/09/2015;295.29
10/09/2015;294.6
11/09/2015;293.74
14/09/2015;295.49
15/09/2015;295.21
16/09/2015;296.07
17/09/2015;294.02
18/09/2015;293.97
21/09/2015;292.58
22/09/2015;293.45
23/09/2015;296.6
24/09/2015;296.6
25/09/2015;296.6
28/09/2015;298.66
29/09/2015;296.68
30/09/2015;298.06
01/10/2015;299.21
02/10/2015;301.7
05/10/2015;302.17
06/10/2015;303.33
07/10/2015;302.63
08/10/2015;301.28
09/10/2015;301.99
12/10/2015;300.15
13/10/2015;302.2
14/10/2015;303.26
15/10/2015;304.76
16/10/2015;303.47
19/10/2015;303.73
20/10/2015;303.5
21/10/2015;305.41
22/10/2015;307.21
23/10/2015;304.25
26/10/2015;305.82
27/10/2015;306.23
28/10/2015;306.11
29/10/2015;304.84
30/10/2015;303.31
02/11/2015;304.37
03/11/2015;303.65
04/11/2015;302.45
05/11/2015;303.64
06/11/2015;303.46
09/11/2015;304.24
10/11/2015;303.53
11/11/2015;304.75
12/11/2015;304.29
13/11/2015;303.14
16/11/2015;301.72
17/11/2015;302.27
18/11/2015;300.63
19/11/2015;301.22
20/11/2015;308.52
23/11/2015;303.47
24/11/2015;302.35
25/11/2015;303.11
26/11/2015;303.56
27/11/2015;306.4
30/11/2015;305.43
01/12/2015;303.8
02/12/2015;305.97
03/12/2015;304.22
04/12/2015;304.99
07/12/2015;305.52
08/12/2015;306.02
09/12/2015;302.64
10/12/2015;299.06
11/12/2015;298.34
14/12/2015;296.06
15/12/2015;293.2
16/12/2015;294.66
17/12/2015;293.58
18/12/2015;290.9
21/12/2015;295.26
22/12/2015;295.18
23/12/2015;292.85
24/12/2015;292.85
25/12/2015;292.85
28/12/2015;296.79
29/12/2015;297.94
30/12/2015;303.78
31/12/2015;303.93
04/01/2016;302.43
05/01/2016;300.27
06/01/2016;297.6
07/01/2016;296.83
08/01/2016;295.34
11/01/2016;294.46
12/01/2016;296.36
13/01/2016;294.72
14/01/2016;297.06
15/01/2016;294.8
18/01/2016;293.74
19/01/2016;292.88
20/01/2016;292.45
21/01/2016;290.37
22/01/2016;291.24
25/01/2016;287.79
26/01/2016;289.34
27/01/2016;289.04
28/01/2016;289.74
29/01/2016;289.77
01/02/2016;288.97
02/02/2016;290.31
03/02/2016;291.8
04/02/2016;293.04
05/02/2016;293.0
08/02/2016;292.3
09/02/2016;294.0
10/02/2016;292.65
11/02/2016;293.52
12/02/2016;293.81
15/02/2016;292.46
16/02/2016;297.13
17/02/2016;299.1
18/02/2016;302.27
19/02/2016;298.86
22/02/2016;301.63
23/02/2016;303.8
24/02/2016;304.91
25/02/2016;306.53
26/02/2016;305.29
29/02/2016;302.97
01/03/2016;303.93
02/03/2016;302.78
03/03/2016;307.65
04/03/2016;307.3
07/03/2016;312.48
08/03/2016;314.46
09/03/2016;318.74
10/03/2016;320.26
11/03/2016;316.68
14/03/2016;315.78
15/03/2016;312.32
16/03/2016;309.42
17/03/2016;307.87
18/03/2016;306.58
21/03/2016;311.1
22/03/2016;311.79
23/03/2016;314.54
24/03/2016;314.56
25/03/2016;314.38
28/03/2016;314.38
29/03/2016;316.04
30/03/2016;315.46
31/03/2016;314.46
01/04/2016;315.03
04/04/2016;315.99
05/04/2016;313.3
06/04/2016;313.29
07/04/2016;314.06
08/04/2016;314.59
11/04/2016;311.55
12/04/2016;312.46
13/04/2016;314.05
14/04/2016;314.38
15/04/2016;314.72
18/04/2016;314.0
19/04/2016;314.92
20/04/2016;314.04
21/04/2016;316.37
22/04/2016;320.3
25/04/2016;318.34
26/04/2016;318.55
27/04/2016;316.38
28/04/2016;317.62
29/04/2016;318.68
02/05/2016;318.68
03/05/2016;317.36
04/05/2016;318.34
05/05/2016;318.34
06/05/2016;310.29
09/05/2016;308.01
10/05/2016;308.45
11/05/2016;307.23
12/05/2016;306.57
13/05/2016;308.94
16/05/2016;308.94
17/05/2016;310.77
18/05/2016;315.12
19/05/2016;315.69
20/05/2016;314.54
23/05/2016;310.33
24/05/2016;311.22
25/05/2016;306.63
26/05/2016;308.36
27/05/2016;309.17
30/05/2016;306.3
31/05/2016;305.73
01/06/2016;307.74
02/06/2016;306.11
03/06/2016;304.7
06/06/2016;304.72
07/06/2016;304.92
08/06/2016;304.13
09/06/2016;307.01
10/06/2016;309.28
13/06/2016;309.02
14/06/2016;309.45
15/06/2016;311.98
16/06/2016;311.68
17/06/2016;309.82
20/06/2016;311.0
21/06/2016;308.85
22/06/2016;307.13
23/06/2016;306.0
24/06/2016;304.86
27/06/2016;305.6
28/06/2016;305.73
29/06/2016;306.34
30/06/2016;307.92
01/07/2016;304.68
04/07/2016;302.92
05/07/2016;302.05
06/07/2016;302.05
07/07/2016;300.97
08/07/2016;298.66
11/07/2016;294.94
12/07/2016;289.46
13/07/2016;289.35
14/07/2016;290.39
15/07/2016;290.29
18/07/2016;286.94
19/07/2016;290.56
20/07/2016;287.91
21/07/2016;288.19
22/07/2016;288.89
25/07/2016;287.53
26/07/2016;287.51
27/07/2016;287.36
28/07/2016;287.42
29/07/2016;289.36
01/08/2016;290.11
02/08/2016;289.1
03/08/2016;289.32
04/08/2016;287.73
05/08/2016;287.82
08/08/2016;287.82
09/08/2016;286.97
10/08/2016;287.05
11/08/2016;285.43
12/08/2016;285.79
15/08/2016;285.79
16/08/2016;285.16
17/08/2016;283.48
18/08/2016;281.09
19/08/2016;283.42
22/08/2016;284.03
23/08/2016;284.23
24/08/2016;285.97
25/08/2016;287.26
26/08/2016;287.79
29/08/2016;288.23
30/08/2016;287.69
31/08/2016;289.8
01/09/2016;290.76
02/09/2016;291.43
05/09/2016;290.78
06/09/2016;292.42
07/09/2016;297.73
08/09/2016;294.22
09/09/2016;293.83
12/09/2016;293.83
13/09/2016;291.78
14/09/2016;289.52
15/09/2016;293.54
16/09/2016;290.37
19/09/2016;287.55
20/09/2016;289.04
21/09/2016;286.69
22/09/2016;285.68
23/09/2016;285.39
26/09/2016;283.22
27/09/2016;284.83
28/09/2016;283.12
29/09/2016;283.73
30/09/2016;285.11
03/10/2016;280.95
04/10/2016;281.75
05/10/2016;281.2
06/10/2016;280.55
07/10/2016;279.99
10/10/2016;279.53
11/10/2016;276.84
12/10/2016;274.95
13/10/2016;273.21
14/10/2016;274.36
17/10/2016;271.61
18/10/2016;268.15
19/10/2016;268.4
20/10/2016;267.98
21/10/2016;270.84
24/10/2016;271.0
25/10/2016;271.24
26/10/2016;268.94
27/10/2016;270.33
28/10/2016;272.4
31/10/2016;272.78
01/11/2016;272.78
02/11/2016;274.45
03/11/2016;275.37
04/11/2016;275.41
07/11/2016;275.12
08/11/2016;282.11
09/11/2016;282.06
10/11/2016;280.39
11/11/2016;283.92
14/11/2016;280.16
15/11/2016;280.16
16/11/2016;281.64
17/11/2016;280.94
18/11/2016;279.22
21/11/2016;278.08
22/11/2016;278.05
23/11/2016;279.67
24/11/2016;277.17
25/11/2016;277.71
28/11/2016;277.44
29/11/2016;278.33
30/11/2016;280.05
01/12/2016;277.4
02/12/2016;280.75
05/12/2016;278.84
06/12/2016;279.07
07/12/2016;282.3
08/12/2016;276.21
09/12/2016;278.87
12/12/2016;278.87
13/12/2016;279.49
14/12/2016;283.28
15/12/2016;280.75
16/12/2016;278.6
19/12/2016;275.23
20/12/2016;274.85
21/12/2016;283.77
22/12/2016;277.44
23/12/2016;279.06
26/12/2016;279.06
27/12/2016;282.96
28/12/2016;285.67
29/12/2016;284.94
30/12/2016;292.17
02/01/2017;285.18
03/01/2017;283.45
04/01/2017;282.83
05/01/2017;282.54
06/01/2017;280.28
09/01/2017;280.93
10/01/2017;279.32
11/01/2017;281.38
12/01/2017;280.68
13/01/2017;278.05
16/01/2017;279.19
17/01/2017;279.81
18/01/2017;278.21
19/01/2017;280.21
20/01/2017;281.32
23/01/2017;278.96
24/01/2017;277.59
25/01/2017;277.3
26/01/2017;276.98
27/01/2017;277.11
30/01/2017;276.32
31/01/2017;277.66
01/02/2017;277.21
02/02/2017;278.36
03/02/2017;279.63
06/02/2017;279.4
07/02/2017;280.19
08/02/2017;279.47
09/02/2017;279.38
10/02/2017;282.16
13/02/2017;281.06
14/02/2017;281.3
15/02/2017;281.43
16/02/2017;281.84
17/02/2017;281.76
20/02/2017;282.57
21/02/2017;280.83
22/02/2017;283.86
23/02/2017;283.06
24/02/2017;287.13
27/02/2017;288.36
28/02/2017;288.54
01/03/2017;290.44
02/03/2017;286.08
03/03/2017;285.91
06/03/2017;284.56
07/03/2017;282.98
08/03/2017;282.15
09/03/2017;280.55
10/03/2017;281.85
13/03/2017;281.43
14/03/2017;282.17
15/03/2017;284.11
16/03/2017;284.63
17/03/2017;285.18
20/03/2017;282.81
21/03/2017;282.26
22/03/2017;283.47
23/03/2017;284.84
24/03/2017;283.58
27/03/2017;283.16
28/03/2017;279.32
29/03/2017;283.82
30/03/2017;283.35
31/03/2017;285.92
03/04/2017;284.82
04/04/2017;283.23
05/04/2017;282.77
06/04/2017;279.63
07/04/2017;281.29
10/04/2017;280.53
11/04/2017;278.28
12/04/2017;274.84
13/04/2017;274.88
14/04/2017;276.49
18/04/2017;275.57
19/04/2017;274.43
20/04/2017;273.11
21/04/2017;271.55
24/04/2017;271.22
25/04/2017;274.5
26/04/2017;275.48
27/04/2017;278.12
28/04/2017;274.01
01/05/2017;274.01
02/05/2017;273.67
03/05/2017;274.85
04/05/2017;273.08
05/05/2017;274.52
08/05/2017;271.95
09/05/2017;272.13
10/05/2017;271.52
11/05/2017;266.55
12/05/2017;270.95
15/05/2017;265.49
16/05/2017;267.33
17/05/2017;271.12
18/05/2017;266.31
19/05/2017;265.02
22/05/2017;262.73
23/05/2017;264.19
24/05/2017;273.4
25/05/2017;273.4
26/05/2017;264.82
29/05/2017;264.37
30/05/2017;262.46
31/05/2017;271.39
01/06/2017;266.38
02/06/2017;262.65
05/06/2017;262.65
06/06/2017;261.69
07/06/2017;268.97
08/06/2017;264.47
09/06/2017;259.54
12/06/2017;259.66
13/06/2017;262.1
14/06/2017;264.66
15/06/2017;262.27
16/06/2017;260.91
19/06/2017;258.51
20/06/2017;257.08
21/06/2017;256.99
22/06/2017;256.99
23/06/2017;258.11
27/06/2017;260.22
28/06/2017;264.79
29/06/2017;259.14
30/06/2017;262.39
03/07/2017;255.78
04/07/2017;255.85
05/07/2017;260.4
06/07/2017;255.55
07/07/2017;256.01
10/07/2017;252.28
11/07/2017;255.05
12/07/2017;255.07
13/07/2017;252.93
14/07/2017;252.9
17/07/2017;247.66
18/07/2017;248.97
19/07/2017;253.84
20/07/2017;253.3
21/07/2017;249.16
24/07/2017;248.59
25/07/2017;249.65
26/07/2017;250.65
27/07/2017;249.3
28/07/2017;250.23
31/07/2017;250.61
01/08/2017;251.93
02/08/2017;251.55
03/08/2017;250.19
04/08/2017;250.41
07/08/2017;250.41
08/08/2017;251.58
09/08/2017;253.04
10/08/2017;251.24
11/08/2017;251.2
14/08/2017;251.58
15/08/2017;251.58
16/08/2017;251.2
17/08/2017;246.69
18/08/2017;246.63
21/08/2017;245.22
22/08/2017;245.44
23/08/2017;245.65
24/08/2017;243.93
25/08/2017;243.46
28/08/2017;241.84
29/08/2017;241.6
30/08/2017;242.83
31/08/2017;239.98
01/09/2017;239.98
04/09/2017;240.68
05/09/2017;241.63
06/09/2017;240.92
07/09/2017;240.38
08/09/2017;239.35
11/09/2017;241.23
12/09/2017;239.8
13/09/2017;241.02
14/09/2017;240.2
15/09/2017;238.38
18/09/2017;237.42
19/09/2017;234.96
20/09/2017;234.74
21/09/2017;235.42
22/09/2017;234.84
25/09/2017;233.21
26/09/2017;232.48
27/09/2017;233.79
28/09/2017;234.43
29/09/2017;236.07
02/10/2017;234.77
03/10/2017;234.15
04/10/2017;235.77
05/10/2017;235.5
06/10/2017;236.9
09/10/2017;234.99
10/10/2017;236.34
11/10/2017;238.38
12/10/2017;236.9
13/10/2017;234.58
16/10/2017;231.68
17/10/2017;234.18
18/10/2017;233.42
19/10/2017;234.18
20/10/2017;232.46
23/10/2017;231.11
24/10/2017;232.09
25/10/2017;233.28
26/10/2017;232.26
27/10/2017;229.83
30/10/2017;230.16
31/10/2017;231.04
01/11/2017;231.04
02/11/2017;232.16
03/11/2017;229.42
06/11/2017;227.99
07/11/2017;227.88
08/11/2017;228.56
09/11/2017;226.99
10/11/2017;226.07
13/11/2017;226.57
14/11/2017;224.91
15/11/2017;224.91
16/11/2017;226.02
17/11/2017;224.46
20/11/2017;221.05
21/11/2017;220.49
22/11/2017;225.79
23/11/2017;222.49
24/11/2017;221.11
27/11/2017;219.66
28/11/2017;221.25
29/11/2017;222.41
30/11/2017;223.47
01/12/2017;223.47
04/12/2017;222.27
05/12/2017;222.1
06/12/2017;224.45
07/12/2017;224.38
08/12/2017;223.62
11/12/2017;223.21
12/12/2017;224.03
13/12/2017;224.14
14/12/2017;219.65
15/12/2017;224.0
18/12/2017;225.42
19/12/2017;228.1
20/12/2017;228.46
21/12/2017;229.89
22/12/2017;232.85
25/12/2017;232.85
26/12/2017;232.2
27/12/2017;233.4
28/12/2017;237.12
29/12/2017;243.06
02/01/2018;238.19
03/01/2018;236.54
04/01/2018;234.57
05/01/2018;233.77
08/01/2018;231.11
09/01/2018;230.2
10/01/2018;231.79
11/01/2018;231.25
12/01/2018;231.58
15/01/2018;231.1
16/01/2018;230.7
17/01/2018;233.09
18/01/2018;231.25
19/01/2018;231.5
22/01/2018;230.45
23/01/2018;229.61
24/01/2018;229.74
25/01/2018;229.41
26/01/2018;229.27
29/01/2018;228.18
30/01/2018;227.49
31/01/2018;227.21
01/02/2018;229.36
02/02/2018;228.84
05/02/2018;228.46
06/02/2018;229.54
07/02/2018;230.69
08/02/2018;231.2
09/02/2018;230.69
12/02/2018;230.19
13/02/2018;229.2
14/02/2018;231.61
15/02/2018;231.01
16/02/2018;231.82
19/02/2018;231.4
20/02/2018;232.43
21/02/2018;233.14
22/02/2018;232.2
23/02/2018;232.45
26/02/2018;232.26
27/02/2018;232.7
28/02/2018;234.17
01/03/2018;233.84
02/03/2018;234.75
05/03/2018;235.56
06/03/2018;235.85
07/03/2018;236.36
08/03/2018;234.0
09/03/2018;237.48
12/03/2018;237.52
13/03/2018;237.59
14/03/2018;242.02
15/03/2018;242.03
16/03/2018;240.95
19/03/2018;240.03
20/03/2018;240.25
21/03/2018;241.53
22/03/2018;240.91
23/03/2018;241.3
26/03/2018;243.37
27/03/2018;244.77
28/03/2018;243.98
29/03/2018;241.57
30/03/2018;242.54
02/04/2018;242.54
03/04/2018;241.24
04/04/2018;242.79
05/04/2018;240.2
06/04/2018;238.91
09/04/2018;239.4
10/04/2018;238.82
11/04/2018;240.75
12/04/2018;239.1
13/04/2018;237.44
16/04/2018;235.99
17/04/2018;235.8
18/04/2018;235.16
19/04/2018;233.59
20/04/2018;234.91
23/04/2018;235.79
24/04/2018;235.69
25/04/2018;237.54
26/04/2018;236.51
27/04/2018;235.83
30/04/2018;238.86
02/05/2018;236.57
03/05/2018;235.85
04/05/2018;234.49
07/05/2018;233.6
08/05/2018;232.15
09/05/2018;230.62
10/05/2018;230.62
11/05/2018;228.7
14/05/2018;228.78
15/05/2018;228.42
16/05/2018;227.02
17/05/2018;222.95
18/05/2018;221.69
21/05/2018;221.69
22/05/2018;220.44
23/05/2018;219.05
24/05/2018;218.27
25/05/2018;219.58
28/05/2018;217.93
29/05/2018;217.73
30/05/2018;216.94
31/05/2018;218.39
01/06/2018;217.72
04/06/2018;216.91
05/06/2018;217.9
06/06/2018;216.98
07/06/2018;216.95
08/06/2018;216.86
11/06/2018;216.86
12/06/2018;218.41
13/06/2018;219.04
14/06/2018;219.04
15/06/2018;219.24
18/06/2018;218.73
19/06/2018;220.03
20/06/2018;220.16
21/06/2018;218.36
22/06/2018;218.79
25/06/2018;217.56
26/06/2018;218.47
27/06/2018;218.93
28/06/2018;220.06
29/06/2018;221.35
02/07/2018;219.51
03/07/2018;221.09
04/07/2018;220.46
05/07/2018;219.47
06/07/2018;218.8
09/07/2018;217.8
10/07/2018;217.79
11/07/2018;217.08
12/07/2018;215.98
13/07/2018;216.02
16/07/2018;216.51
17/07/2018;216.26
18/07/2018;216.69
19/07/2018;215.41
20/07/2018;214.0
23/07/2018;212.47
24/07/2018;212.83
25/07/2018;212.5
26/07/2018;212.71
27/07/2018;213.39
30/07/2018;211.73
31/07/2018;212.51
01/08/2018;212.03
02/08/2018;211.21
03/08/2018;210.24
06/08/2018;210.24
07/08/2018;210.24
08/08/2018;210.32
09/08/2018;208.62
10/08/2018;208.45
13/08/2018;208.5
14/08/2018;209.0
16/08/2018;206.49
17/08/2018;206.45
20/08/2018;205.29
21/08/2018;205.29
22/08/2018;205.71
23/08/2018;205.79
24/08/2018;205.56
27/08/2018;205.98
28/08/2018;206.74
29/08/2018;207.14
30/08/2018;206.81
31/08/2018;206.68
03/09/2018;204.52
04/09/2018;205.12
05/09/2018;203.58
06/09/2018;202.81
07/09/2018;201.56
10/09/2018;200.61
11/09/2018;199.24
12/09/2018;198.72
13/09/2018;196.8
14/09/2018;196.8
17/09/2018;194.05
18/09/2018;193.62
19/09/2018;194.31
20/09/2018;193.81
21/09/2018;193.59
24/09/2018;192.46
25/09/2018;192.48
26/09/2018;192.47
27/09/2018;192.19
28/09/2018;193.47
01/10/2018;193.01
02/10/2018;191.31
03/10/2018;191.82
04/10/2018;190.69
05/10/2018;190.77
08/10/2018;188.28
09/10/2018;189.32
10/10/2018;189.34
11/10/2018;187.97
12/10/2018;187.0
15/10/2018;186.8
16/10/2018;182.88
17/10/2018;182.74
18/10/2018;181.77
19/10/2018;181.59
22/10/2018;180.74
23/10/2018;179.16
24/10/2018;178.42
25/10/2018;178.03
26/10/2018;177.08
29/10/2018;176.29
30/10/2018;175.14
31/10/2018;177.5
01/11/2018;177.5
02/11/2018;176.59
05/11/2018;175.92
06/11/2018;176.06
07/11/2018;175.59
08/11/2018;174.51
09/11/2018;175.27
12/11/2018;173.89
13/11/2018;172.94
14/11/2018;173.2
15/11/2018;173.2
16/11/2018;172.34
19/11/2018;170.44
20/11/2018;170.44
21/11/2018;169.65
22/11/2018;168.38
23/11/2018;167.88
26/11/2018;165.15
27/11/2018;165.52
28/11/2018;166.19
29/11/2018;165.1
30/11/2018;166.49
03/12/2018;165.04
04/12/2018;164.02
05/12/2018;164.42
06/12/2018;164.02
07/12/2018;166.95
10/12/2018;167.72
11/12/2018;168.76
12/12/2018;170.89
13/12/2018;170.24
14/12/2018;169.69
17/12/2018;168.98
18/12/2018;169.57
19/12/2018;166.44
20/12/2018;164.14
21/12/2018;167.61
24/12/2018;170.08
25/12/2018;170.08
26/12/2018;173.35
27/12/2018;176.35
28/12/2018;177.12
31/12/2018;172.24
02/01/2019;171.73
03/01/2019;173.98
04/01/2019;174.45
07/01/2019;172.61
08/01/2019;170.66
09/01/2019;169.72
10/01/2019;169.71
11/01/2019;169.35
14/01/2019;167.73
15/01/2019;166.15
16/01/2019;166.46
17/01/2019;165.52
18/01/2019;166.09
21/01/2019;165.79
22/01/2019;165.62
23/01/2019;163.81
24/01/2019;164.38
25/01/2019;165.14
28/01/2019;165.01
29/01/2019;164.25
30/01/2019;166.01
31/01/2019;166.59
01/02/2019;165.42
04/02/2019;165.13
05/02/2019;165.12
06/02/2019;165.14
07/02/2019;168.07
08/02/2019;167.23
11/02/2019;167.43
12/02/2019;168.44
13/02/2019;167.92
14/02/2019;167.84
15/02/2019;167.64
18/02/2019;167.56
19/02/2019;167.55
20/02/2019;167.82
21/02/2019;166.49
22/02/2019;167.92
25/02/2019;169.08
26/02/2019;173.05
27/02/2019;174.22
28/02/2019;179.15
01/03/2019;178.72
04/03/2019;178.73
05/03/2019;176.9
06/03/2019;175.6
07/03/2019;174.95
08/03/2019;174.88
11/03/2019;174.15
12/03/2019;172.82
13/03/2019;172.88
14/03/2019;174.62
15/03/2019;173.96
18/03/2019;174.44
19/03/2019;174.64
20/03/2019;177.15
21/03/2019;177.28
22/03/2019;177.81
25/03/2019;177.17
26/03/2019;176.99
27/03/2019;175.86
28/03/2019;175.45
29/03/2019;174.5
01/04/2019;172.57
02/04/2019;172.44
03/04/2019;172.13
04/04/2019;173.79
05/04/2019;174.7
08/04/2019;175.16
09/04/2019;176.01
10/04/2019;175.43
11/04/2019;174.73
12/04/2019;174.28
15/04/2019;173.1
16/04/2019;173.48
17/04/2019;175.25
18/04/2019;174.35
19/04/2019;173.73
22/04/2019;173.73
23/04/2019;175.74
24/04/2019;175.91
25/04/2019;175.55
26/04/2019;176.31
29/04/2019;174.49
30/04/2019;176.85
01/05/2019;176.85
02/05/2019;176.87
03/05/2019;176.21
06/05/2019;174.44
07/05/2019;176.23
08/05/2019;175.77
09/05/2019;175.32
10/05/2019;170.41
13/05/2019;168.01
14/05/2019;167.85
15/05/2019;167.43
16/05/2019;167.48
17/05/2019;166.61
20/05/2019;165.19
21/05/2019;165.72
22/05/2019;164.57
23/05/2019;163.92
24/05/2019;163.89
27/05/2019;164.01
28/05/2019;163.75
29/05/2019;162.74
30/05/2019;162.74
31/05/2019;162.88
03/06/2019;161.1
05/06/2019;160.93
06/06/2019;160.44
07/06/2019;161.47
11/06/2019;160.86
12/06/2019;161.1
13/06/2019;160.27
14/06/2019;160.38
17/06/2019;159.04
18/06/2019;159.27
19/06/2019;158.86
20/06/2019;158.61
21/06/2019;158.81
24/06/2019;157.73
25/06/2019;156.35
26/06/2019;157.73
27/06/2019;158.26
28/06/2019;157.79
01/07/2019;157.98
02/07/2019;157.63
03/07/2019;156.89
04/07/2019;157.0
05/07/2019;156.79
08/07/2019;156.35
09/07/2019;156.38
10/07/2019;156.14
11/07/2019;155.91
12/07/2019;155.93
15/07/2019;155.52
16/07/2019;155.18
17/07/2019;154.5
18/07/2019;155.09
19/07/2019;157.08
22/07/2019;156.24
23/07/2019;155.14
24/07/2019;155.47
25/07/2019;155.99
26/07/2019;155.68
29/07/2019;155.55
30/07/2019;156.25
31/07/2019;157.3
01/08/2019;157.15
02/08/2019;156.49
05/08/2019;156.36
06/08/2019;156.5
07/08/2019;156.5
08/08/2019;156.16
09/08/2019;157.17
12/08/2019;157.17
13/08/2019;156.23
14/08/2019;155.8
15/08/2019;155.8
16/08/2019;155.26
19/08/2019;155.21
20/08/2019;153.95
21/08/2019;153.68
22/08/2019;154.04
23/08/2019;153.97
26/08/2019;153.91
27/08/2019;153.73
28/08/2019;153.63
29/08/2019;153.54
30/08/2019;153.11
02/09/2019;150.52
03/09/2019;151.26
04/09/2019;151.13
05/09/2019;151.92
06/09/2019;151.15
09/09/2019;150.44
10/09/2019;149.61
11/09/2019;148.94
12/09/2019;148.48
13/09/2019;148.85
16/09/2019;148.86
17/09/2019;147.86
18/09/2019;146.55
19/09/2019;145.89
20/09/2019;146.32
23/09/2019;145.18
24/09/2019;144.02
25/09/2019;143.83
26/09/2019;142.0
27/09/2019;142.84
30/09/2019;142.4
01/10/2019;141.91
02/10/2019;141.16
03/10/2019;142.05
04/10/2019;142.35
07/10/2019;141.4
08/10/2019;140.19
09/10/2019;139.04
10/10/2019;139.61
11/10/2019;140.0
14/10/2019;139.99
15/10/2019;140.22
16/10/2019;140.7
17/10/2019;139.66
18/10/2019;141.02
21/10/2019;141.2
22/10/2019;141.44
23/10/2019;141.8
24/10/2019;141.54
25/10/2019;141.77
28/10/2019;142.15
29/10/2019;141.7
30/10/2019;141.78
31/10/2019;141.87
01/11/2019;141.87
04/11/2019;140.99
05/11/2019;140.75
06/11/2019;141.94
07/11/2019;142.19
08/11/2019;141.82
11/11/2019;140.9
12/11/2019;141.32
13/11/2019;139.97
14/11/2019;139.8
18/11/2019;139.84
19/11/2019;139.55
20/11/2019;139.59
21/11/2019;139.53
22/11/2019;140.39
25/11/2019;140.09
26/11/2019;140.73
27/11/2019;140.85
28/11/2019;141.03
29/11/2019;141.68
02/12/2019;141.71
03/12/2019;141.49
04/12/2019;141.38
05/12/2019;140.94
06/12/2019;141.91
09/12/2019;141.3
10/12/2019;140.45
11/12/2019;141.5
12/12/2019;141.12
13/12/2019;141.06
16/12/2019;141.89
17/12/2019;142.36
18/12/2019;142.34
19/12/2019;143.15
20/12/2019;143.71
23/12/2019;147.39
24/12/2019;152.61
25/12/2019;152.61
26/12/2019;153.29
27/12/2019;157.46
30/12/2019;157.12
31/12/2019;159.24
01/01/2020;159.24
02/01/2020;157.49
03/01/2020;156.59
06/01/2020;154.28
07/01/2020;150.67
08/01/2020;147.78
09/01/2020;149.15
10/01/2020;148.29
13/01/2020;148.14
14/01/2020;147.83
15/01/2020;149.58
16/01/2020;149.12
17/01/2020;150.89
20/01/2020;151.8
21/01/2020;151.78
22/01/2020;151.84
23/01/2020;152.38
24/01/2020;153.45
27/01/2020;152.68
28/01/2020;152.29
29/01/2020;152.33
30/01/2020;152.85
31/01/2020;152.79
03/02/2020;151.5
04/02/2020;152.2
05/02/2020;151.5
06/02/2020;149.65
07/02/2020;148.67
10/02/2020;146.45
11/02/2020;147.3
12/02/2020;147.3
13/02/2020;145.38
14/02/2020;144.71
17/02/2020;146.11
18/02/2020;145.63
19/02/2020;144.56
20/02/2020;144.11
21/02/2020;144.39
24/02/2020;144.14
25/02/2020;143.31
26/02/2020;143.82
27/02/2020;144.95
28/02/2020;146.01
02/03/2020;148.61
03/03/2020;147.12
04/03/2020;146.78
05/03/2020;145.86
06/03/2020;146.46
09/03/2020;145.73
10/03/2020;146.37
11/03/2020;145.54
12/03/2020;145.05
13/03/2020;145.05
16/03/2020;143.95
17/03/2020;143.17
18/03/2020;142.73
19/03/2020;140.03
20/03/2020;140.11
23/03/2020;138.27
24/03/2020;137.93
25/03/2020;137.16
26/03/2020;136.16
27/03/2020;135.24
30/03/2020;134.65
31/03/2020;134.09
01/04/2020;134.27
02/04/2020;134.04
03/04/2020;133.55
06/04/2020;133.18
07/04/2020;133.07
08/04/2020;132.89
09/04/2020;133.23
10/04/2020;133.46
13/04/2020;133.46
14/04/2020;133.76
15/04/2020;133.67
16/04/2020;133.22
17/04/2020;133.45
20/04/2020;133.48
21/04/2020;134.26
22/04/2020;134.21
23/04/2020;137.54
24/04/2020;138.25
27/04/2020;138.42
28/04/2020;138.52
29/04/2020;136.69
30/04/2020;136.84
01/05/2020;136.84
04/05/2020;136.78
05/05/2020;137.41
06/05/2020;137.5
07/05/2020;137.25
08/05/2020;137.78
11/05/2020;136.88
12/05/2020;136.9
13/05/2020;137.49
14/05/2020;136.95
15/05/2020;137.15
18/05/2020;131.24
19/05/2020;131.35
22/05/2020;132.63
25/05/2020;132.4
26/05/2020;132.12
27/05/2020;134.19
28/05/2020;134.21
29/05/2020;135.03
01/06/2020;135.03
02/06/2020;136.87
03/06/2020;135.63
04/06/2020;138.2
05/06/2020;138.79
08/06/2020;138.56
09/06/2020;138.72
10/06/2020;138.64
11/06/2020;137.08
12/06/2020;137.76
15/06/2020;135.87
16/06/2020;135.75
17/06/2020;135.14
18/06/2020;135.23
19/06/2020;135.77
22/06/2020;135.85
23/06/2020;135.59
24/06/2020;135.32
25/06/2020;134.36
26/06/2020;134.88
29/06/2020;135.28
30/06/2020;135.86
01/07/2020;135.81
02/07/2020;135.0
03/07/2020;134.81
06/07/2020;134.05
07/07/2020;133.2
08/07/2020;132.09
09/07/2020;131.68
10/07/2020;131.33
13/07/2020;131.37
14/07/2020;131.22
15/07/2020;130.33
16/07/2020;129.78
17/07/2020;130.64
20/07/2020;129.72
21/07/2020;129.41
22/07/2020;128.57
23/07/2020;128.3
24/07/2020;128.47
27/07/2020;127.75
28/07/2020;127.73
29/07/2020;127.73
30/07/2020;128.61
31/07/2020;128.61
03/08/2020;126.9
04/08/2020;129.03
05/08/2020;130.01
06/08/2020;129.67
07/08/2020;129.67
10/08/2020;128.63
11/08/2020;129.81
12/08/2020;129.5
13/08/2020;129.47
14/08/2020;129.93
17/08/2020;129.27
18/08/2020;129.22
21/08/2020;128.54
24/08/2020;128.27
25/08/2020;128.49
26/08/2020;129.94
27/08/2020;128.92
28/08/2020;129.15
31/08/2020;130.57
01/09/2020;130.05
02/09/2020;128.4
03/09/2020;128.2
04/09/2020;128.9
07/09/2020;128.4
08/09/2020;127.29
09/09/2020;127.24
10/09/2020;127.94
11/09/2020;127.72
14/09/2020;128.44
15/09/2020;127.17
16/09/2020;126.52
17/09/2020;126.92
18/09/2020;126.33
21/09/2020;125.65
22/09/2020;125.87
23/09/2020;125.87
24/09/2020;125.87
25/09/2020;125.87
28/09/2020;125.57
29/09/2020;125.56
30/09/2020;126.25
01/10/2020;125.24
02/10/2020;124.12
05/10/2020;124.18
06/10/2020;123.67
07/10/2020;124.26
08/10/2020;123.05
09/10/2020;124.03
12/10/2020;123.54
13/10/2020;122.75
14/10/2020;123.1
15/10/2020;122.37
16/10/2020;122.88
19/10/2020;123.36
20/10/2020;123.35
21/10/2020;123.46
22/10/2020;123.7
23/10/2020;123.82
26/10/2020;122.19
27/10/2020;123.79
28/10/2020;124.96
29/10/2020;124.96
30/10/2020;128.18
02/11/2020;129.82
03/11/2020;126.86
04/11/2020;126.81
05/11/2020;128.34
06/11/2020;128.33
09/11/2020;128.9
10/11/2020;129.06
11/11/2020;128.94
12/11/2020;128.48
13/11/2020;127.86
16/11/2020;128.31
17/11/2020;128.97
18/11/2020;128.98
19/11/2020;128.64
20/11/2020;128.82
23/11/2020;130.31
24/11/2020;129.54
25/11/2020;130.23
26/11/2020;129.91
27/11/2020;130.86
30/11/2020;130.86
01/12/2020;131.63
02/12/2020;131.52
03/12/2020;131.69
04/12/2020;131.17
07/12/2020;131.48
08/12/2020;132.59
09/12/2020;131.12
10/12/2020;132.4
11/12/2020;132.76
14/12/2020;132.71
15/12/2020;134.17
16/12/2020;137.26
17/12/2020;141.33
18/12/2020;141.81
21/12/2020;143.0
22/12/2020;142.73
23/12/2020;141.01
24/12/2020;140.83
25/12/2020;140.83
28/12/2020;143.46
29/12/2020;143.12
30/12/2020;143.95
31/12/2020;145.37
04/01/2021;141.57
05/01/2021;141.18
06/01/2021;137.99
07/01/2021;137.67
08/01/2021;136.41
11/01/2021;135.56
12/01/2021;135.06
13/01/2021;134.77
14/01/2021;133.24
15/01/2021;132.23
18/01/2021;131.85
19/01/2021;130.87
20/01/2021;131.16
21/01/2021;131.62
22/01/2021;132.1
25/01/2021;132.84
26/01/2021;132.98
27/01/2021;133.88
28/01/2021;134.28
29/01/2021;133.82
01/02/2021;134.94
02/02/2021;135.15
03/02/2021;137.2
04/02/2021;136.75
05/02/2021;136.15
08/02/2021;135.75
09/02/2021;134.62
10/02/2021;133.46
11/02/2021;133.58
12/02/2021;133.07
15/02/2021;133.35
16/02/2021;132.78
17/02/2021;132.84
18/02/2021;132.79
19/02/2021;132.67
22/02/2021;131.78
23/02/2021;132.95
24/02/2021;134.03
25/02/2021;135.07
26/02/2021;138.68
01/03/2021;140.42
02/03/2021;139.36
03/03/2021;139.55
04/03/2021;139.54
05/03/2021;139.56
08/03/2021;139.6
09/03/2021;139.73
10/03/2021;138.98
11/03/2021;139.65
12/03/2021;138.33
15/03/2021;138.53
16/03/2021;138.66
17/03/2021;139.21
18/03/2021;139.6
19/03/2021;141.68
22/03/2021;141.71
23/03/2021;140.43
24/03/2021;140.37
25/03/2021;139.62
26/03/2021;139.61
29/03/2021;140.04
30/03/2021;140.06
31/03/2021;140.81
01/04/2021;141.24
02/04/2021;141.21
05/04/2021;141.21
06/04/2021;140.7
07/04/2021;141.57
08/04/2021;141.84
09/04/2021;141.82
12/04/2021;140.56
13/04/2021;141.24
14/04/2021;142.42
15/04/2021;143.72
16/04/2021;144.32
19/04/2021;144.7
20/04/2021;146.63
21/04/2021;146.99
22/04/2021;147.89
23/04/2021;148.21
26/04/2021;147.87
27/04/2021;148.35
28/04/2021;149.46
29/04/2021;149.4
30/04/2021;150.37
03/05/2021;150.78
04/05/2021;151.31
05/05/2021;152.07
06/05/2021;151.57
07/05/2021;154.18
10/05/2021;152.07
11/05/2021;154.16
12/05/2021;154.16
14/05/2021;149.44
17/05/2021;150.56
18/05/2021;151.49
19/05/2021;150.86
20/05/2021;152.31
21/05/2021;153.7
24/05/2021;153.7
25/05/2021;154.73
26/05/2021;156.65
27/05/2021;157.47
28/05/2021;156.72
31/05/2021;156.31
01/06/2021;155.87
02/06/2021;154.9
03/06/2021;155.03
04/06/2021;155.39
07/06/2021;156.47
08/06/2021;156.78
09/06/2021;158.3
10/06/2021;158.79
11/06/2021;159.62
14/06/2021;159.94
15/06/2021;160.14
16/06/2021;160.45
17/06/2021;159.95
18/06/2021;160.47
21/06/2021;160.5
22/06/2021;160.92
23/06/2021;160.0
24/06/2021;160.71
25/06/2021;161.58
28/06/2021;160.53
29/06/2021;160.03
30/06/2021;160.07
01/07/2021;159.28
02/07/2021;159.85
05/07/2021;160.02
06/07/2021;159.65
07/07/2021;160.37
08/07/2021;160.7
09/07/2021;161.37
12/07/2021;160.0
13/07/2021;159.57
14/07/2021;161.11
15/07/2021;161.91
16/07/2021;161.52
19/07/2021;165.14
20/07/2021;165.14
21/07/2021;166.01
22/07/2021;166.67
23/07/2021;167.24
26/07/2021;167.16
27/07/2021;167.66
28/07/2021;168.07
29/07/2021;168.66
30/07/2021;168.17
02/08/2021;168.1
03/08/2021;166.92
04/08/2021;167.73
05/08/2021;168.33
06/08/2021;169.32
09/08/2021;169.03
10/08/2021;168.92
11/08/2021;169.8
12/08/2021;170.24
13/08/2021;170.51
16/08/2021;171.1
17/08/2021;172.77
18/08/2021;173.76
19/08/2021;175.69
20/08/2021;175.85
23/08/2021;175.65
24/08/2021;176.52
25/08/2021;174.76
26/08/2021;174.77
27/08/2021;175.41
30/08/2021;175.59
31/08/2021;176.31
01/09/2021;176.12
02/09/2021;176.76
03/09/2021;176.48
06/09/2021;175.97
07/09/2021;176.31
08/09/2021;177.01
09/09/2021;177.57
10/09/2021;177.85
13/09/2021;177.7
14/09/2021;178.12
15/09/2021;178.72
16/09/2021;178.93
17/09/2021;179.52
20/09/2021;180.41
21/09/2021;181.37
22/09/2021;181.87
23/09/2021;183.94
24/09/2021;183.51
27/09/2021;182.67
28/09/2021;183.17
29/09/2021;183.62
30/09/2021;183.98
01/10/2021;184.88
04/10/2021;185.2
05/10/2021;186.06
06/10/2021;186.15
07/10/2021;186.24
08/10/2021;186.0
11/10/2021;186.88
12/10/2021;187.61
13/10/2021;188.2
14/10/2021;188.7
15/10/2021;188.79
18/10/2021;188.79
19/10/2021;187.97
20/10/2021;189.35
21/10/2021;189.93
22/10/2021;189.93
25/10/2021;190.21
26/10/2021;191.67
27/10/2021;191.96
28/10/2021;192.9
29/10/2021;194.93
01/11/2021;194.93
02/11/2021;194.66
03/11/2021;194.21
04/11/2021;194.13
05/11/2021;191.85
08/11/2021;190.51
09/11/2021;189.6
10/11/2021;191.25
11/11/2021;191.3
12/11/2021;191.21
15/11/2021;191.21
16/11/2021;192.04
17/11/2021;193.21
18/11/2021;193.2
19/11/2021;193.71
22/11/2021;193.15
23/11/2021;193.31
24/11/2021;193.0
25/11/2021;194.08
26/11/2021;195.8
29/11/2021;196.56
30/11/2021;198.33
01/12/2021;197.27
02/12/2021;197.36
03/12/2021;196.94
06/12/2021;196.32
07/12/2021;196.61
08/12/2021;196.33
09/12/2021;196.61
10/12/2021;195.99
13/12/2021;193.66
14/12/2021;195.45
15/12/2021;195.24
16/12/2021;196.3
17/12/2021;195.18
20/12/2021;195.99
21/12/2021;194.93
22/12/2021;198.4
23/12/2021;198.39
24/12/2021;198.41
27/12/2021;197.7
28/12/2021;199.14
29/12/2021;199.3
30/12/2021;201.64
31/12/2021;202.28
03/01/2022;202.08
04/01/2022;201.33
05/01/2022;200.66
06/01/2022;202.03
07/01/2022;201.8
10/01/2022;203.43
11/01/2022;203.93
12/01/2022;204.18
13/01/2022;204.32
14/01/2022;204.11
17/01/2022;202.83
18/01/2022;202.77
19/01/2022;202.78
20/01/2022;203.18
21/01/2022;202.28
24/01/2022;200.17
25/01/2022;199.55
26/01/2022;200.22
27/01/2022;201.27
28/01/2022;202.54
31/01/2022;204.24
01/02/2022;204.51
02/02/2022;203.95
03/02/2022;203.78
04/02/2022;203.08
07/02/2022;203.22
08/02/2022;204.68
09/02/2022;206.19
10/02/2022;206.12
11/02/2022;207.26
14/02/2022;210.06
15/02/2022;209.58
16/02/2022;209.27
17/02/2022;212.21
18/02/2022;212.47
21/02/2022;212.0
22/02/2022;211.55
23/02/2022;212.92
24/02/2022;212.98
25/02/2022;217.13
28/02/2022;219.62
01/03/2022;218.79
02/03/2022;216.83
03/03/2022;217.48
04/03/2022;215.7
07/03/2022;215.72
08/03/2022;212.58
09/03/2022;215.44
10/03/2022;214.61
11/03/2022;216.15
14/03/2022;214.87
15/03/2022;214.41
16/03/2022;214.52
17/03/2022;215.02
18/03/2022;214.07
21/03/2022;215.06
22/03/2022;216.91
23/03/2022;217.03
24/03/2022;217.65
25/03/2022;219.93
28/03/2022;218.18
29/03/2022;218.18
30/03/2022;220.98
31/03/2022;219.34
01/04/2022;218.81
04/04/2022;217.57
05/04/2022;217.74
06/04/2022;218.36
07/04/2022;218.21
08/04/2022;217.92
11/04/2022;217.13
12/04/2022;216.91
13/04/2022;217.43
14/04/2022;217.25
15/04/2022;218.88
18/04/2022;218.88
19/04/2022;219.4
20/04/2022;219.33
21/04/2022;220.67
22/04/2022;219.68
25/04/2022;220.68
26/04/2022;219.22
27/04/2022;219.58
28/04/2022;219.58
29/04/2022;220.25
02/05/2022;220.25
03/05/2022;218.24
04/05/2022;217.56
05/05/2022;216.14
06/05/2022;217.33
09/05/2022;216.25
10/05/2022;214.65
11/05/2022;215.13
12/05/2022;215.06
13/05/2022;217.53
16/05/2022;214.15
17/05/2022;210.24
18/05/2022;208.79
19/05/2022;207.72
20/05/2022;207.16
23/05/2022;206.27
24/05/2022;204.99
25/05/2022;204.88
26/05/2022;204.88
27/05/2022;206.19
30/05/2022;208.32
31/05/2022;210.68
01/06/2022;209.45
02/06/2022;208.66
03/06/2022;207.37
06/06/2022;207.37
07/06/2022;208.5
08/06/2022;207.69
09/06/2022;208.05
10/06/2022;209.01
13/06/2022;209.49
14/06/2022;209.95
15/06/2022;208.93
16/06/2022;209.76
17/06/2022;210.43
20/06/2022;210.33
21/06/2022;209.72
22/06/2022;209.96
23/06/2022;209.4
24/06/2022;207.83
27/06/2022;208.02
28/06/2022;207.72
29/06/2022;206.94
30/06/2022;207.65
01/07/2022;206.09
04/07/2022;206.43
05/07/2022;207.48
06/07/2022;207.05
07/07/2022;207.96
08/07/2022;206.88
11/07/2022;206.87
12/07/2022;207.39
13/07/2022;206.5
14/07/2022;207.27
15/07/2022;207.29
18/07/2022;208.36
19/07/2022;207.64
20/07/2022;207.55
21/07/2022;207.57
22/07/2022;207.1
25/07/2022;208.69
26/07/2022;208.33
27/07/2022;210.39
28/07/2022;210.41
29/07/2022;209.87
01/08/2022;209.3
02/08/2022;209.12
03/08/2022;209.64
04/08/2022;208.35
05/08/2022;209.24
08/08/2022;209.24
09/08/2022;208.51
10/08/2022;207.99
11/08/2022;208.21
12/08/2022;208.43
15/08/2022;208.43
16/08/2022;207.99
17/08/2022;206.88
18/08/2022;206.7
19/08/2022;206.92
22/08/2022;206.63
23/08/2022;206.47
24/08/2022;206.47
25/08/2022;205.63
26/08/2022;206.07
29/08/2022;206.06
30/08/2022;205.63
31/08/2022;206.85
01/09/2022;204.76
02/09/2022;204.07
05/09/2022;204.13
06/09/2022;204.21
07/09/2022;204.62
08/09/2022;203.74
09/09/2022;203.57
12/09/2022;203.76
13/09/2022;203.69
14/09/2022;204.86
15/09/2022;204.66
16/09/2022;208.49
19/09/2022;208.67
20/09/2022;208.18
21/09/2022;207.24
22/09/2022;207.21
23/09/2022;206.84
26/09/2022;206.02
27/09/2022;204.62
28/09/2022;204.69
29/09/2022;205.43
30/09/2022;205.32
03/10/2022;203.11
04/10/2022;202.77
05/10/2022;201.36
06/10/2022;202.57
07/10/2022;203.74
10/10/2022;201.77
11/10/2022;200.98
12/10/2022;199.08
13/10/2022;198.78
14/10/2022;198.81
17/10/2022;199.85
18/10/2022;199.18
19/10/2022;199.82
20/10/2022;200.47
21/10/2022;200.89
24/10/2022;200.29
25/10/2022;200.01
26/10/2022;200.84
27/10/2022;201.84
28/10/2022;201.5
31/10/2022;201.5
01/11/2022;201.89
02/11/2022;201.38
03/11/2022;200.68
04/11/2022;198.96
07/11/2022;199.59
08/11/2022;197.53
09/11/2022;195.21
10/11/2022;194.86
11/11/2022;195.24
14/11/2022;192.89
15/11/2022;192.89
16/11/2022;192.86
17/11/2022;193.75
18/11/2022;193.56
21/11/2022;194.37
22/11/2022;194.16
23/11/2022;193.98
24/11/2022;193.69
25/11/2022;194.46
28/11/2022;194.04
29/11/2022;192.41
30/11/2022;192.41
01/12/2022;192.41
02/12/2022;190.23
05/12/2022;190.95
06/12/2022;192.36
07/12/2022;192.24
08/12/2022;191.64
09/12/2022;193.38
12/12/2022;196.36
13/12/2022;197.01
14/12/2022;196.76
15/12/2022;199.4
16/12/2022;199.55
19/12/2022;198.27
20/12/2022;199.25
21/12/2022;199.48
22/12/2022;200.86
23/12/2022;203.02
26/12/2022;203.02
27/12/2022;203.29
28/12/2022;201.78
29/12/2022;201.5
30/12/2022;203.22
02/01/2023;206.34
03/01/2023;203.99
04/01/2023;202.69
05/01/2023;202.45
06/01/2023;199.94
09/01/2023;198.91
10/01/2023;197.59
11/01/2023;197.05
12/01/2023;198.88
13/01/2023;197.37
16/01/2023;197.04
17/01/2023;196.42
18/01/2023;197.26
19/01/2023;197.14
20/01/2023;197.94
23/01/2023;197.47
24/01/2023;197.58
25/01/2023;197.85
26/01/2023;199.22
27/01/2023;198.52
30/01/2023;199.44
31/01/2023;199.26
01/02/2023;200.75
02/02/2023;200.76
03/02/2023;200.44
06/02/2023;200.89
07/02/2023;201.12
08/02/2023;201.23
09/02/2023;202.5
10/02/2023;202.55
13/02/2023;203.65
14/02/2023;204.18
15/02/2023;204.59
16/02/2023;205.8
17/02/2023;205.48
20/02/2023;204.72
21/02/2023;205.18
22/02/2023;204.44
23/02/2023;204.3
24/02/2023;205.37
27/02/2023;205.49
28/02/2023;206.18
01/03/2023;206.09
02/03/2023;205.88
03/03/2023;206.18
06/03/2023;206.73
07/03/2023;207.1
08/03/2023;206.32
09/03/2023;206.99
10/03/2023;207.85
13/03/2023;207.79
14/03/2023;207.37
15/03/2023;207.12
16/03/2023;206.36
17/03/2023;206.1
20/03/2023;204.71
21/03/2023;203.73
22/03/2023;203.69
23/03/2023;203.53
24/03/2023;203.38
27/03/2023;203.03
28/03/2023;202.65
29/03/2023;202.22
30/03/2023;201.38
31/03/2023;200.61
03/04/2023;200.04
04/04/2023;199.95
05/04/2023;199.37
06/04/2023;199.91
07/04/2023;199.62
10/04/2023;199.62
11/04/2023;200.12
12/04/2023;200.13
13/04/2023;198.99
14/04/2023;199.72
17/04/2023;199.31
18/04/2023;199.31
19/04/2023;198.55
20/04/2023;197.7
21/04/2023;197.7
24/04/2023;197.75
25/04/2023;198.72
26/04/2023;198.49
27/04/2023;197.38
28/04/2023;198.02
01/05/2023;198.02
02/05/2023;198.47
03/05/2023;198.47
04/05/2023;198.58
05/05/2023;198.91
08/05/2023;198.88
09/05/2023;199.59
10/05/2023;198.75
11/05/2023;199.85
12/05/2023;200.4
15/05/2023;196.08
16/05/2023;196.47
17/05/2023;195.98
18/05/2023;195.98
19/05/2023;196.54
22/05/2023;196.52
23/05/2023;196.26
24/05/2023;196.26
25/05/2023;196.42
26/05/2023;194.89
29/05/2023;194.89
30/05/2023;195.5
31/05/2023;195.51
01/06/2023;195.04
02/06/2023;195.04
05/06/2023;195.6
06/06/2023;195.71
07/06/2023;195.92
08/06/2023;196.05
09/06/2023;198.94
12/06/2023;197.21
13/06/2023;195.05
14/06/2023;195.51
15/06/2023;195.13
16/06/2023;196.36
19/06/2023;196.88
20/06/2023;197.13
21/06/2023;197.17
22/06/2023;197.85
23/06/2023;196.83
26/06/2023;197.44
27/06/2023;198.2
28/06/2023;198.2
29/06/2023;198.85
30/06/2023;199.98
03/07/2023;199.99
04/07/2023;200.09
05/07/2023;200.97
06/07/2023;201.27
07/07/2023;202.47
10/07/2023;203.02
11/07/2023;203.12
12/07/2023;202.83
13/07/2023;202.91
14/07/2023;203.38
17/07/2023;203.75
18/07/2023;203.83
19/07/2023;202.94
20/07/2023;203.95
21/07/2023;204.77
24/07/2023;204.28
25/07/2023;205.16
26/07/2023;205.68
27/07/2023;206.76
28/07/2023;207.95
31/07/2023;208.48
01/08/2023;207.91
02/08/2023;207.97
03/08/2023;206.06
04/08/2023;206.27
07/08/2023;206.27
08/08/2023;205.36
09/08/2023;205.32
10/08/2023;205.97
11/08/2023;205.42
14/08/2023;205.93
15/08/2023;205.93
16/08/2023;206.74
17/08/2023;205.97
18/08/2023;207.16
21/08/2023;207.38
22/08/2023;206.59
23/08/2023;207.47
24/08/2023;206.9
25/08/2023;207.67
28/08/2023;206.36
29/08/2023;206.44
30/08/2023;207.23
31/08/2023;207.82
01/09/2023;210.89
04/09/2023;209.8
05/09/2023;210.92
06/09/2023;211.65
07/09/2023;212.55
08/09/2023;212.75
11/09/2023;212.51
12/09/2023;215.1
13/09/2023;215.35
14/09/2023;216.07
15/09/2023;214.98
18/09/2023;213.47
19/09/2023;212.5
20/09/2023;211.76
21/09/2023;210.89
22/09/2023;211.17
25/09/2023;211.5
26/09/2023;210.39
27/09/2023;210.39
28/09/2023;210.09
29/09/2023;210.59
02/10/2023;209.92
03/10/2023;208.58
04/10/2023;207.9
05/10/2023;208.78
06/10/2023;210.05
09/10/2023;207.96
10/10/2023;208.19
11/10/2023;208.59
12/10/2023;208.88
13/10/2023;210.66
16/10/2023;211.13
17/10/2023;210.95
18/10/2023;209.05
19/10/2023;210.18
20/10/2023;209.79
23/10/2023;207.94
24/10/2023;209.34
25/10/2023;208.88
26/10/2023;209.57
27/10/2023;209.2
30/10/2023;208.74
31/10/2023;208.02
01/11/2023;208.02
02/11/2023;205.96
03/11/2023;209.62
06/11/2023;209.28
07/11/2023;209.31
08/11/2023;209.29
09/11/2023;209.59
10/11/2023;210.16
13/11/2023;209.47
14/11/2023;208.84
15/11/2023;208.84
16/11/2023;208.95
17/11/2023;209.31
20/11/2023;208.83
21/11/2023;209.6
22/11/2023;209.88
23/11/2023;210.11
24/11/2023;210.52
27/11/2023;210.3
28/11/2023;210.91
29/11/2023;213.7
30/11/2023;212.91
01/12/2023;209.92
04/12/2023;209.56
05/12/2023;209.62
06/12/2023;209.86
07/12/2023;209.25
08/12/2023;210.57
11/12/2023;209.56
12/12/2023;210.2
13/12/2023;211.18
14/12/2023;210.38
15/12/2023;209.85
18/12/2023;208.62
19/12/2023;207.99
20/12/2023;210.39
21/12/2023;210.09
22/12/2023;212.09
25/12/2023;212.09
26/12/2023;211.54
27/12/2023;211.74
28/12/2023;214.92
29/12/2023;214.15
01/01/2024;214.15
02/01/2024;212.77
03/01/2024;214.47
04/01/2024;213.58
05/01/2024;212.82
08/01/2024;211.59
09/01/2024;211.26
10/01/2024;211.03
11/01/2024;208.94
12/01/2024;209.33
15/01/2024;209.58
16/01/2024;210.21
17/01/2024;209.74
18/01/2024;209.56
19/01/2024;208.83
22/01/2024;208.54
23/01/2024;208.57
24/01/2024;207.75
25/01/2024;208.67
26/01/2024;207.9
29/01/2024;207.75
30/01/2024;207.46
31/01/2024;207.64
01/02/2024;207.4
02/02/2024;207.88
05/02/2024;207.81
06/02/2024;207.61
07/02/2024;207.16
08/02/2024;207.91
09/02/2024;207.86
12/02/2024;207.86
13/02/2024;208.27
14/02/2024;209.18
15/02/2024;209.37
16/02/2024;209.68
19/02/2024;208.88
20/02/2024;210.69
21/02/2024;210.38
22/02/2024;211.53
23/02/2024;212.47
26/02/2024;212.58
27/02/2024;212.19
28/02/2024;212.58
29/02/2024;213.5
01/03/2024;212.54
04/03/2024;212.96
05/03/2024;212.21
06/03/2024;210.92
07/03/2024;212.17
08/03/2024;212.98
11/03/2024;212.23
12/03/2024;212.76
13/03/2024;212.55
14/03/2024;212.07
15/03/2024;211.92
18/03/2024;214.13
19/03/2024;213.59
20/03/2024;213.8
21/03/2024;213.43
22/03/2024;214.29
25/03/2024;214.52
26/03/2024;215.04
27/03/2024;215.15
28/03/2024;215.92
29/03/2024;215.6
01/04/2024;215.6
02/04/2024;215.8
03/04/2024;216.34
04/04/2024;216.12
05/04/2024;215.3
08/04/2024;215.52
09/04/2024;218.59
10/04/2024;218.59
11/04/2024;218.79
12/04/2024;218.34
15/04/2024;219.15
16/04/2024;218.03
17/04/2024;219.36
18/04/2024;219.14
19/04/2024;218.6
22/04/2024;218.18
23/04/2024;218.94
24/04/2024;217.41
25/04/2024;219.17
26/04/2024;219.85
29/04/2024;219.26
30/04/2024;220.67
01/05/2024;220.67
02/05/2024;219.92
03/05/2024;219.19
06/05/2024;219.15
07/05/2024;218.95
08/05/2024;220.33
09/05/2024;220.33
10/05/2024;219.91
13/05/2024;219.97
14/05/2024;222.62
15/05/2024;220.2
16/05/2024;219.4
17/05/2024;220.13
20/05/2024;220.13
21/05/2024;219.48
22/05/2024;220.68
23/05/2024;221.45
24/05/2024;224.44
27/05/2024;224.62
28/05/2024;226.12
29/05/2024;226.07
30/05/2024;222.57
31/05/2024;225.29
03/06/2024;225.2
04/06/2024;225.95
05/06/2024;225.41
06/06/2024;226.48
07/06/2024;226.12
10/06/2024;225.67
11/06/2024;225.95
12/06/2024;225.85
13/06/2024;227.59
14/06/2024;228.88
18/06/2024;228.35
19/06/2024;228.27
20/06/2024;230.3
21/06/2024;230.05
24/06/2024;229.48
25/06/2024;230.21
26/06/2024;230.06
27/06/2024;229.19
28/06/2024;229.7
01/07/2024;229.08
02/07/2024;230.33
03/07/2024;229.66
04/07/2024;229.88
05/07/2024;229.48
08/07/2024;229.93
09/07/2024;229.73
10/07/2024;231.73
11/07/2024;232.6
12/07/2024;231.66
15/07/2024;232.59
16/07/2024;234.94
17/07/2024;238.38
18/07/2024;237.89
19/07/2024;239.18
22/07/2024;237.44
23/07/2024;237.1
24/07/2024;238.45
25/07/2024;238.31
26/07/2024;239.3
29/07/2024;238.95
30/07/2024;237.35
31/07/2024;238.66
01/08/2024;238.0
02/08/2024;241.32
05/08/2024;240.18
06/08/2024;241.46
07/08/2024;241.46
08/08/2024;242.77
09/08/2024;248.54
12/08/2024;247.86
13/08/2024;248.88
14/08/2024;248.91
15/08/2024;248.91
16/08/2024;248.13
19/08/2024;249.75
20/08/2024;250.22
21/08/2024;250.67
22/08/2024;251.61
23/08/2024;252.92
26/08/2024;249.33
27/08/2024;250.52
28/08/2024;251.89
29/08/2024;253.51
30/08/2024;253.67
02/09/2024;255.79
03/09/2024;257.93
04/09/2024;257.9
05/09/2024;258.48
06/09/2024;259.27
09/09/2024;258.3
10/09/2024;259.54
11/09/2024;259.07
12/09/2024;260.56
13/09/2024;261.24
16/09/2024;262.04
17/09/2024;262.02
18/09/2024;262.1
19/09/2024;261.27
20/09/2024;263.76
23/09/2024;264.84
24/09/2024;264.23
25/09/2024;264.25
26/09/2024;264.19
27/09/2024;265.28
30/09/2024;263.7
01/10/2024;263.73
02/10/2024;263.14
03/10/2024;264.43
04/10/2024;264.27
07/10/2024;266.63
08/10/2024;269.72
09/10/2024;269.31
10/10/2024;269.0
11/10/2024;267.33
14/10/2024;264.75
15/10/2024;263.75
16/10/2024;262.83
17/10/2024;263.49
18/10/2024;263.11
21/10/2024;262.71
22/10/2024;264.28
23/10/2024;265.32
24/10/2024;265.9
25/10/2024;266.9
28/10/2024;269.0
29/10/2024;269.07
30/10/2024;270.53
31/10/2024;271.09
01/11/2024;271.09
04/11/2024;272.0
05/11/2024;269.45
06/11/2024;269.48
07/11/2024;270.2
08/11/2024;271.33
11/11/2024;274.78
12/11/2024;271.22
13/11/2024;273.63
14/11/2024;272.43
15/11/2024;272.43
18/11/2024;273.54
19/11/2024;274.93
20/11/2024;274.1
21/11/2024;273.63
22/11/2024;274.87
25/11/2024;274.15
26/11/2024;273.57
27/11/2024;273.45
28/11/2024;274.05
29/11/2024;274.79
02/12/2024;273.36
03/12/2024;274.15
04/12/2024;273.82
05/12/2024;274.13
06/12/2024;275.4
09/12/2024;275.13
10/12/2024;274.64
11/12/2024;274.77
12/12/2024;274.23
13/12/2024;275.48
16/12/2024;275.73
17/12/2024;273.88
18/12/2024;273.98
19/12/2024;274.34
20/12/2024;274.38
23/12/2024;275.29
24/12/2024;273.27
25/12/2024;273.27
26/12/2024;272.75
27/12/2024;272.47
30/12/2024;272.21
31/12/2024;276.02
01/01/2025;276.02
02/01/2025;275.11
03/01/2025;275.91
06/01/2025;275.83
07/01/2025;274.38
08/01/2025;273.13
09/01/2025;272.24
10/01/2025;271.77
13/01/2025;274.1
14/01/2025;270.66
15/01/2025;270.09
16/01/2025;270.93
17/01/2025;273.52
20/01/2025;272.53
21/01/2025;272.09
22/01/2025;272.18
23/01/2025;273.5
24/01/2025;274.07
27/01/2025;276.31
28/01/2025;278.16
29/01/2025;278.65
30/01/2025;275.71
31/01/2025;277.9
03/02/2025;277.24
04/02/2025;279.71
05/02/2025;280.07
06/02/2025;282.03
07/02/2025;283.07
10/02/2025;281.33
11/02/2025;280.81
12/02/2025;283.36
13/02/2025;282.65
14/02/2025;283.99
17/02/2025;284.72
18/02/2025;285.93
19/02/2025;287.74
20/02/2025;291.22
21/02/2025;293.78
24/02/2025;292.77
25/02/2025;289.61
26/02/2025;290.47
27/02/2025;291.12
28/02/2025;292.49
03/03/2025;292.75
04/03/2025;290.27
05/03/2025;291.59
06/03/2025;292.64
07/03/2025;293.14
10/03/2025;292.47
11/03/2025;291.85
12/03/2025;291.84
13/03/2025;290.91
14/03/2025;291.92
17/03/2025;292.08
18/03/2025;291.98
19/03/2025;288.93
20/03/2025;284.93
21/03/2025;283.12
24/03/2025;284.48
25/03/2025;283.97
26/03/2025;285.43
27/03/2025;285.43
28/03/2025;287.43
31/03/2025;287.43
01/04/2025;288.02
02/04/2025;287.93
03/04/2025;287.75
04/04/2025;288.73
07/04/2025;287.94
08/04/2025;287.76
09/04/2025;284.89
10/04/2025;289.19
11/04/2025;290.79
14/04/2025;287.19
15/04/2025;286.59
16/04/2025;285.81
17/04/2025;288.57
18/04/2025;281.52
21/04/2025;281.52
22/04/2025;285.94
23/04/2025;285.6
24/04/2025;287.88
25/04/2025;287.27
28/04/2025;285.87
29/04/2025;287.71
30/04/2025;287.07
01/05/2025;287.07
02/05/2025;289.52
05/05/2025;287.75
06/05/2025;290.62
07/05/2025;291.26
08/05/2025;292.54
09/05/2025;295.02
12/05/2025;295.6
13/05/2025;296.46
14/05/2025;298.17
15/05/2025;300.38
16/05/2025;301.29
19/05/2025;302.01
20/05/2025;303.39
21/05/2025;303.31
22/05/2025;302.57
23/05/2025;303.25
26/05/2025;301.74
27/05/2025;303.83
28/05/2025;302.76
29/05/2025;302.76
30/05/2025;303.03
02/06/2025;302.8
03/06/2025;301.49
04/06/2025;302.17
05/06/2025;302.06
10/06/2025;304.34
11/06/2025;305.61
12/06/2025;306.87
13/06/2025;306.17
16/06/2025;306.33
17/06/2025;308.1
18/06/2025;309.09
19/06/2025;310.94
20/06/2025;313.02
23/06/2025;312.41
24/06/2025;311.92
25/06/2025;309.98
26/06/2025;312.12
27/06/2025;309.32
30/06/2025;312.04
01/07/2025;308.45
02/07/2025;306.15
03/07/2025;308.28
04/07/2025;309.88
07/07/2025;308.33
08/07/2025;304.48
09/07/2025;303.95
10/07/2025;305.39
11/07/2025;305.93
14/07/2025;305.07
15/07/2025;306.52
16/07/2025;310.25
17/07/2025;306.35
18/07/2025;306.95
21/07/2025;307.44
22/07/2025;309.16
23/07/2025;309.23
24/07/2025;310.1
25/07/2025;311.4
28/07/2025;309.73
29/07/2025;310.78
30/07/2025;311.27
31/07/2025;310.89
01/08/2025;313.1
04/08/2025;311.29
05/08/2025;310.86
06/08/2025;311.95
07/08/2025;311.95
08/08/2025;311.72
11/08/2025;311.77
12/08/2025;312.4
13/08/2025;313.34
14/08/2025;314.77
15/08/2025;314.77
18/08/2025;315.82
19/08/2025;317.72
20/08/2025;317.3
21/08/2025;318.59
22/08/2025;319.04
25/08/2025;317.51
26/08/2025;320.91
27/08/2025;318.59
28/08/2025;318.99
29/08/2025;320.53
01/09/2025;319.47
02/09/2025;319.27
03/09/2025;320.19
04/09/2025;320.19
05/09/2025;320.85
08/09/2025;320.63
09/09/2025;320.42
10/09/2025;320.8
11/09/2025;321.29
12/09/2025;321.68
15/09/2025;322.09
16/09/2025;322.01
17/09/2025;322.42
18/09/2025;323.76
19/09/2025;324.59
22/09/2025;323.11
23/09/2025;323.35
24/09/2025;324.07
25/09/2025;325.18
26/09/2025;324.71
29/09/2025;323.48
30/09/2025;323.77
01/10/2025;325.21
02/10/2025;326.14
03/10/2025;325.14
06/10/2025;329.65
07/10/2025;328.98
08/10/2025;331.11
09/10/2025;332.53
10/10/2025;332.61
13/10/2025;333.57
14/10/2025;332.88
15/10/2025;337.55
16/10/2025;332.92
17/10/2025;333.28
20/10/2025;337.02
21/10/2025;336.18
22/10/2025;338.43
23/10/2025;337.38
24/10/2025;339.36
27/10/2025;341.58
28/10/2025;340.93
29/10/2025;343.84
30/10/2025;344.36
31/10/2025;342.65
03/11/2025;339.12
04/11/2025;337.2
05/11/2025;334.57
06/11/2025;337.34
07/11/2025;336.25
10/11/2025;335.94
11/11/2025;337.64
12/11/2025;337.37
13/11/2025;337.94
14/11/2025;336.98
17/11/2025;340.44
18/11/2025;340.16
19/11/2025;343.9
20/11/2025;344.42
21/11/2025;344.28
24/11/2025;343.66
25/11/2025;345.01
26/11/2025;347.78
27/11/2025;347.22
28/11/2025;345.91
01/12/2025;354.14
02/12/2025;350.33
03/12/2025;352.42
04/12/2025;353.29
05/12/2025;352.87
08/12/2025;352.77
09/12/2025;350.57
10/12/2025;349.31
11/12/2025;347.37
12/12/2025;347.81
15/12/2025;347.14
16/12/2025;345.97
17/12/2025;346.23
18/12/2025;342.66
19/12/2025;343.83
22/12/2025;340.78
23/12/2025;339.58
24/12/2025;339.75
25/12/2025;339.75
26/12/2025;340.86
29/12/2025;340.51
30/12/2025;339.96
31/12/2025;345.75
01/01/2026;345.75
02/01/2026;344.48
05/01/2026;339.85
06/01/2026;342.14
07/01/2026;343.73
08/01/2026;343.62
09/01/2026;341.95
12/01/2026;344.48
13/01/2026;346.06
14/01/2026;346.13
15/01/2026;348.65
16/01/2026;350.94
19/01/2026;353.18
20/01/2026;351.47
21/01/2026;353.99
22/01/2026;354.56
23/01/2026;356.33
26/01/2026;355.01
27/01/2026;356.47
28/01/2026;359.14
29/01/2026;362.09
30/01/2026;364.92
02/02/2026;365.18
03/02/2026;364.69
04/02/2026;367.79
05/02/2026;369.63
06/02/2026;372.49
09/02/2026;376.92
10/02/2026;379.07
11/02/2026;381.87
12/02/2026;383.3
13/02/2026;387.73
16/02/2026;390.83
17/02/2026;393.27
18/02/2026;392.19
19/02/2026;394.28
20/02/2026;402.38
23/02/2026;404.84
24/02/2026;405.72
25/02/2026;409.51
26/02/2026;416.33
27/02/2026;417.71
02/03/2026;416.85
03/03/2026;418.63
04/03/2026;413.56
05/03/2026;411.08
06/03/2026;411.44
09/03/2026;413.71
10/03/2026;416.46
11/03/2026;414.49
12/03/2026;416.63
13/03/2026;413.71
16/03/2026;413.71
17/03/2026;412.02
18/03/2026;411.59
19/03/2026;408.62
20/03/2026;408.62
23/03/2026;402.99
24/03/2026;403.58
25/03/2026;399.96
26/03/2026;401.87
27/03/2026;406.18
30/03/2026;403.36
31/03/2026;408.25
01/04/2026;408.69
02/04/2026;409.62
03/04/2026;410.43
06/04/2026;410.43
07/04/2026;409.33
08/04/2026;406.43
09/04/2026;406.95
10/04/2026;406.38
13/04/2026;404.04
14/04/2026;402.18
15/04/2026;401.71
16/04/2026;397.33
17/04/2026;399.03
20/04/2026;399.84
21/04/2026;402.52
22/04/2026;400.91
23/04/2026;402.0
24/04/2026;402.59
27/04/2026;402.38
28/04/2026;403.36
29/04/2026;403.38
30/04/2026;403.93
01/05/2026;403.93
04/05/2026;405.6
05/05/2026;401.6
06/05/2026;403.33
07/05/2026;403.46
08/05/2026;404.59
11/05/2026;405.75
12/05/2026;406.25
13/05/2026;409.59
14/05/2026;409.59
15/05/2026;412.64
18/05/2026;414.4
19/05/2026;416.07
20/05/2026;418.16
21/05/2026;421.55
22/05/2026;421.02
25/05/2026;421.02
26/05/2026;420.33
27/05/2026;420.33
28/05/2026;422.81
29/05/2026;425.54
01/06/2026;426.0
02/06/2026;428.01
03/06/2026;435.38
04/06/2026;440.13
05/06/2026;437.24
08/06/2026;436.68
09/06/2026;436.06
10/06/2026;435.61
11/06/2026;437.01
12/06/2026;436.6
15/06/2026;436.58
16/06/2026;435.52
17/06/2026;436.51
18/06/2026;438.68
19/06/2026;442.87
22/06/2026;445.31
23/06/2026;443.85
24/06/2026;442.11
25/06/2026;446.57
26/06/2026;449.82
29/06/2026;450.04
30/06/2026;453.21
01/07/2026;457.48
02/07/2026;460.55
03/07/2026;459.7
06/07/2026;460.21
07/07/2026;463.89
08/07/2026;470.48
09/07/2026;470.47
10/07/2026;474.92
13/07/2026;475.78
14/07/2026;479.46
15/07/2026;481.23
16/07/2026;479.92
17/07/2026;478.53
20/07/2026;473.48
21/07/2026;471.83
22/07/2026;475.57
23/07/2026;481.64
24/07/2026;484.32
27/07/2026;483.82
28/07/2026;482.71
29/07/2026;482.21
30/07/2026;481.48
31/07/2026;482.65
03/08/2026;485.43
04/08/2026;485.89
05/08/2026;482.28
06/08/2026;485.48
07/08/2026;485.48
10/08/2026;490.51
11/08/2026;493.9
12/08/2026;492.16
13/08/2026;496.22
14/08/2026;497.65
